{
	"class_name" : "ViewTrajectory",
	"interval" : 29,
	"is_loop" : false,
	"trajectory" : 
	[
		{
			"boundingbox_max" : [ 1991.7205663553545, 5120.1521753420266, 19942.0 ],
			"boundingbox_min" : [ -18893.859381002818, -9258.832727142164, 532.0 ],
			"field_of_view" : 60.0,
			"front" : [ 0.077707752462890162, 0.068415823790421992, -0.99462594992401243 ],
			"lookat" : [ -1410.1888251048656, -1316.3483123798974, 18525.450289360593 ],
			"up" : [ -0.010032319060945207, -0.99753846921987066, -0.069399963982242935 ],
			"zoom" : 0.5199999999999998
		}
	],
	"version_major" : 1,
	"version_minor" : 0
}
}
